type,procedure_code
usually_op,A092
usually_op,A112
usually_op,A332
usually_op,A339
usually_op,A484
usually_op,A485
usually_op,A702
usually_op,A704
usually_op,A705
usually_op,A706
usually_op,A708
usually_op,A709
usually_op,A841
usually_op,A842
usually_op,A843
usually_op,A844
usually_op,A845
usually_op,A846
usually_op,B122
usually_op,B128
usually_op,B164
usually_op,B289
usually_op,B308
usually_op,B321
usually_op,B322
usually_op,B323
usually_op,B324
usually_op,B328
usually_op,B329
usually_op,B331
usually_op,B338
usually_op,B355
usually_op,B358
usually_op,B364
usually_op,B371
usually_op,B372
usually_op,B378
usually_op,C042
usually_op,C044
usually_op,C048
usually_op,C049
usually_op,C084
usually_op,C108
usually_op,C178
usually_op,C199
usually_op,C205
usually_op,C223
usually_op,C224
usually_op,C226
usually_op,C227
usually_op,C228
usually_op,C268
usually_op,C272
usually_op,C273
usually_op,C274
usually_op,C293
usually_op,C378
usually_op,C433
usually_op,C434
usually_op,C438
usually_op,C473
usually_op,C481
usually_op,C488
usually_op,C489
usually_op,C512
usually_op,C513
usually_op,C515
usually_op,C518
usually_op,C604
usually_op,C611
usually_op,C618
usually_op,C621
usually_op,C622
usually_op,C623
usually_op,C654
usually_op,C655
usually_op,C658
usually_op,C698
usually_op,C732
usually_op,C733
usually_op,C734
usually_op,C793
usually_op,C794
usually_op,C812
usually_op,C821
usually_op,C825
usually_op,C826
usually_op,C855
usually_op,C863
usually_op,C864
usually_op,C865
usually_op,C866
usually_op,C868
usually_op,C871
usually_op,C872
usually_op,C873
usually_op,C874
usually_op,C875
usually_op,C878
usually_op,C879
usually_op,C882
usually_op,C892
usually_op,C893
usually_op,C901
usually_op,C909
usually_op,D022
usually_op,D041
usually_op,D042
usually_op,D048
usually_op,D051
usually_op,D052
usually_op,D054
usually_op,D055
usually_op,D056
usually_op,D058
usually_op,D059
usually_op,D068
usually_op,D071
usually_op,D072
usually_op,D073
usually_op,D078
usually_op,D079
usually_op,D081
usually_op,D083
usually_op,D085
usually_op,D088
usually_op,D125
usually_op,D128
usually_op,D134
usually_op,D136
usually_op,D152
usually_op,D158
usually_op,D208
usually_op,D243
usually_op,D245
usually_op,D268
usually_op,D281
usually_op,D282
usually_op,D288
usually_op,E028
usually_op,E038
usually_op,E046
usually_op,E051
usually_op,E058
usually_op,E059
usually_op,E062
usually_op,E063
usually_op,E085
usually_op,E088
usually_op,E098
usually_op,E108
usually_op,E178
usually_op,E251
usually_op,E252
usually_op,E253
usually_op,E259
usually_op,E274
usually_op,E276
usually_op,E278
usually_op,E299
usually_op,E314
usually_op,E315
usually_op,E351
usually_op,E355
usually_op,E359
usually_op,E361
usually_op,E368
usually_op,E369
usually_op,E378
usually_op,E388
usually_op,E414
usually_op,E418
usually_op,E426
usually_op,E428
usually_op,E438
usually_op,E659
usually_op,E852
usually_op,E853
usually_op,E858
usually_op,E859
usually_op,E871
usually_op,E872
usually_op,E873
usually_op,E874
usually_op,E878
usually_op,E891
usually_op,E892
usually_op,E893
usually_op,E898
usually_op,E899
usually_op,E911
usually_op,E912
usually_op,E913
usually_op,E918
usually_op,E919
usually_op,E921
usually_op,E922
usually_op,E923
usually_op,E924
usually_op,E925
usually_op,E926
usually_op,E928
usually_op,E929
usually_op,E931
usually_op,E932
usually_op,E933
usually_op,E935
usually_op,E936
usually_op,E937
usually_op,E938
usually_op,E941
usually_op,E942
usually_op,E943
usually_op,E944
usually_op,E948
usually_op,E952
usually_op,E953
usually_op,E954
usually_op,E955
usually_op,E958
usually_op,E959
usually_op,E971
usually_op,E972
usually_op,E973
usually_op,E978
usually_op,E979
usually_op,E989
usually_op,F054
usually_op,F062
usually_op,F089
usually_op,F098
usually_op,F099
usually_op,F108
usually_op,F109
usually_op,F118
usually_op,F119
usually_op,F121
usually_op,F122
usually_op,F128
usually_op,F131
usually_op,F132
usually_op,F133
usually_op,F134
usually_op,F135
usually_op,F136
usually_op,F138
usually_op,F139
usually_op,F141
usually_op,F142
usually_op,F143
usually_op,F144
usually_op,F146
usually_op,F147
usually_op,F148
usually_op,F151
usually_op,F152
usually_op,F153
usually_op,F154
usually_op,F155
usually_op,F156
usually_op,F157
usually_op,F158
usually_op,F161
usually_op,F162
usually_op,F163
usually_op,F164
usually_op,F165
usually_op,F166
usually_op,F167
usually_op,F168
usually_op,F171
usually_op,F172
usually_op,F173
usually_op,F174
usually_op,F175
usually_op,F176
usually_op,F177
usually_op,F178
usually_op,F201
usually_op,F203
usually_op,F205
usually_op,F208
usually_op,F262
usually_op,F263
usually_op,F265
usually_op,F363
usually_op,F381
usually_op,F404
usually_op,F405
usually_op,F421
usually_op,F423
usually_op,F424
usually_op,F425
usually_op,F428
usually_op,F431
usually_op,F438
usually_op,F439
usually_op,F484
usually_op,F488
usually_op,F568
usually_op,F631
usually_op,F632
usually_op,F633
usually_op,F634
usually_op,F635
usually_op,F638
usually_op,F639
usually_op,G168
usually_op,G211
usually_op,G212
usually_op,G218
usually_op,G305
usually_op,G348
usually_op,G471
usually_op,G472
usually_op,G478
usually_op,G759
usually_op,H123
usually_op,H158
usually_op,H159
usually_op,H262
usually_op,H269
usually_op,H278
usually_op,H281
usually_op,H288
usually_op,H289
usually_op,H305
usually_op,H442
usually_op,H445
usually_op,H448
usually_op,H449
usually_op,H463
usually_op,H464
usually_op,H468
usually_op,H529
usually_op,H624
usually_op,H625
usually_op,H626
usually_op,H628
usually_op,H704
usually_op,K232
usually_op,K594
usually_op,K611
usually_op,K613
usually_op,K661
usually_op,K753
usually_op,L712
usually_op,L722
usually_op,L913
usually_op,L916
usually_op,L928
usually_op,L932
usually_op,L986
usually_op,L991
usually_op,M062
usually_op,M069
usually_op,M168
usually_op,M171
usually_op,M172
usually_op,M173
usually_op,M174
usually_op,M175
usually_op,M264
usually_op,M336
usually_op,M458
usually_op,M459
usually_op,M472
usually_op,M473
usually_op,M474
usually_op,M475
usually_op,M478
usually_op,M479
usually_op,M492
usually_op,M494
usually_op,M495
usually_op,M496
usually_op,M498
usually_op,M568
usually_op,M708
usually_op,M766
usually_op,M798
usually_op,M838
usually_op,N179
usually_op,N324
usually_op,N326
usually_op,N341
usually_op,N342
usually_op,O151
usually_op,P038
usually_op,P091
usually_op,P098
usually_op,P203
usually_op,P261
usually_op,P262
usually_op,P263
usually_op,P264
usually_op,P268
usually_op,P269
usually_op,P273
usually_op,P274
usually_op,P278
usually_op,P279
usually_op,P293
usually_op,P295
usually_op,P298
usually_op,Q013
usually_op,Q014
usually_op,Q021
usually_op,Q023
usually_op,Q024
usually_op,Q033
usually_op,Q034
usually_op,Q035
usually_op,Q038
usually_op,Q039
usually_op,Q058
usually_op,Q108
usually_op,Q121
usually_op,Q122
usually_op,Q123
usually_op,Q124
usually_op,Q129
usually_op,Q146
usually_op,Q148
usually_op,Q152
usually_op,Q168
usually_op,Q169
usually_op,Q178
usually_op,Q179
usually_op,Q181
usually_op,Q189
usually_op,Q202
usually_op,Q411
usually_op,Q415
usually_op,Q552
usually_op,Q553
usually_op,Q554
usually_op,Q555
usually_op,Q556
usually_op,Q558
usually_op,Q559
usually_op,Q561
usually_op,R053
usually_op,R102
usually_op,R104
usually_op,R124
usually_op,R128
usually_op,R148
usually_op,R151
usually_op,R361
usually_op,R362
usually_op,R363
usually_op,R368
usually_op,R369
usually_op,R371
usually_op,R372
usually_op,R373
usually_op,R374
usually_op,R378
usually_op,R379
usually_op,R381
usually_op,R382
usually_op,R388
usually_op,R389
usually_op,R401
usually_op,R402
usually_op,R408
usually_op,R409
usually_op,R421
usually_op,R422
usually_op,R423
usually_op,R428
usually_op,R429
usually_op,R431
usually_op,R432
usually_op,R438
usually_op,R439
usually_op,S048
usually_op,S049
usually_op,S063
usually_op,S064
usually_op,S068
usually_op,S071
usually_op,S072
usually_op,S078
usually_op,S079
usually_op,S081
usually_op,S082
usually_op,S083
usually_op,S088
usually_op,S089
usually_op,S091
usually_op,S092
usually_op,S093
usually_op,S099
usually_op,S101
usually_op,S102
usually_op,S111
usually_op,S112
usually_op,S118
usually_op,S119
usually_op,S121
usually_op,S122
usually_op,S123
usually_op,S124
usually_op,S128
usually_op,S129
usually_op,S131
usually_op,S132
usually_op,S138
usually_op,S139
usually_op,S141
usually_op,S142
usually_op,S143
usually_op,S144
usually_op,S151
usually_op,S152
usually_op,S159
usually_op,S274
usually_op,S312
usually_op,S401
usually_op,S403
usually_op,S404
usually_op,S411
usually_op,S418
usually_op,S429
usually_op,S431
usually_op,S432
usually_op,S433
usually_op,S434
usually_op,S438
usually_op,S439
usually_op,S471
usually_op,S473
usually_op,S474
usually_op,S475
usually_op,S478
usually_op,S479
usually_op,S482
usually_op,S491
usually_op,S498
usually_op,S501
usually_op,S504
usually_op,S508
usually_op,S518
usually_op,S521
usually_op,S523
usually_op,S525
usually_op,S528
usually_op,S529
usually_op,S531
usually_op,S532
usually_op,S533
usually_op,S535
usually_op,S536
usually_op,S538
usually_op,S539
usually_op,S543
usually_op,S544
usually_op,S545
usually_op,S551
usually_op,S552
usually_op,S553
usually_op,S554
usually_op,S555
usually_op,S556
usually_op,S561
usually_op,S562
usually_op,S563
usually_op,S564
usually_op,S565
usually_op,S566
usually_op,S567
usually_op,S568
usually_op,S569
usually_op,S571
usually_op,S572
usually_op,S573
usually_op,S574
usually_op,S575
usually_op,S576
usually_op,S577
usually_op,S578
usually_op,S579
usually_op,S601
usually_op,S603
usually_op,S605
usually_op,S606
usually_op,S608
usually_op,S623
usually_op,S624
usually_op,S625
usually_op,S702
usually_op,S708
usually_op,T112
usually_op,T432
usually_op,T458
usually_op,T624
usually_op,T744
usually_op,T745
usually_op,T748
usually_op,T833
usually_op,T838
usually_op,T861
usually_op,T879
usually_op,T881
usually_op,T889
usually_op,T898
usually_op,T912
usually_op,T963
usually_op,T964
usually_op,T968
usually_dc,A094
usually_dc,A098
usually_dc,A107
usually_dc,A148
usually_dc,A263
usually_dc,A365
usually_dc,A368
usually_dc,A483
usually_dc,A486
usually_dc,A487
usually_dc,A521
usually_dc,A522
usually_dc,A528
usually_dc,A529
usually_dc,A542
usually_dc,A544
usually_dc,A548
usually_dc,A549
usually_dc,A552
usually_dc,A553
usually_dc,A558
usually_dc,A559
usually_dc,A571
usually_dc,A573
usually_dc,A574
usually_dc,A575
usually_dc,A577
usually_dc,A578
usually_dc,A599
usually_dc,A604
usually_dc,A605
usually_dc,A606
usually_dc,A611
usually_dc,A624
usually_dc,A642
usually_dc,A651
usually_dc,A661
usually_dc,A671
usually_dc,A678
usually_dc,A681
usually_dc,A684
usually_dc,A691
usually_dc,A692
usually_dc,A707
usually_dc,A731
usually_dc,A733
usually_dc,A734
usually_dc,A735
usually_dc,A738
usually_dc,A788
usually_dc,A811
usually_dc,A812
usually_dc,A821
usually_dc,A839
usually_dc,A848
usually_dc,B252
usually_dc,B282
usually_dc,B283
usually_dc,B284
usually_dc,B285
usually_dc,B286
usually_dc,B287
usually_dc,B288
usually_dc,B303
usually_dc,B341
usually_dc,B342
usually_dc,B343
usually_dc,B344
usually_dc,B352
usually_dc,B353
usually_dc,B361
usually_dc,B375
usually_dc,B412
usually_dc,C021
usually_dc,C061
usually_dc,C088
usually_dc,C091
usually_dc,C101
usually_dc,C106
usually_dc,C111
usually_dc,C112
usually_dc,C115
usually_dc,C117
usually_dc,C118
usually_dc,C121
usually_dc,C122
usually_dc,C123
usually_dc,C124
usually_dc,C125
usually_dc,C126
usually_dc,C131
usually_dc,C132
usually_dc,C133
usually_dc,C134
usually_dc,C141
usually_dc,C142
usually_dc,C148
usually_dc,C149
usually_dc,C151
usually_dc,C152
usually_dc,C153
usually_dc,C154
usually_dc,C155
usually_dc,C158
usually_dc,C162
usually_dc,C164
usually_dc,C181
usually_dc,C182
usually_dc,C183
usually_dc,C186
usually_dc,C188
usually_dc,C189
usually_dc,C222
usually_dc,C231
usually_dc,C244
usually_dc,C253
usually_dc,C254
usually_dc,C271
usually_dc,C275
usually_dc,C292
usually_dc,C298
usually_dc,C311
usually_dc,C312
usually_dc,C314
usually_dc,C316
usually_dc,C318
usually_dc,C321
usually_dc,C322
usually_dc,C323
usually_dc,C324
usually_dc,C326
usually_dc,C331
usually_dc,C332
usually_dc,C336
usually_dc,C346
usually_dc,C351
usually_dc,C391
usually_dc,C405
usually_dc,C432
usually_dc,C442
usually_dc,C443
usually_dc,C444
usually_dc,C451
usually_dc,C452
usually_dc,C453
usually_dc,C457
usually_dc,C462
usually_dc,C463
usually_dc,C464
usually_dc,C466
usually_dc,C468
usually_dc,C471
usually_dc,C474
usually_dc,C498
usually_dc,C521
usually_dc,C522
usually_dc,C544
usually_dc,C545
usually_dc,C546
usually_dc,C578
usually_dc,C601
usually_dc,C605
usually_dc,C606
usually_dc,C608
usually_dc,C612
usually_dc,C615
usually_dc,C648
usually_dc,C651
usually_dc,C653
usually_dc,C664
usually_dc,C693
usually_dc,C694
usually_dc,C712
usually_dc,C718
usually_dc,C751
usually_dc,C752
usually_dc,C753
usually_dc,C754
usually_dc,C758
usually_dc,C791
usually_dc,C792
usually_dc,C795
usually_dc,C797
usually_dc,C798
usually_dc,C801
usually_dc,C802
usually_dc,C803
usually_dc,C822
usually_dc,C828
usually_dc,C851
usually_dc,C891
usually_dc,D012
usually_dc,D013
usually_dc,D021
usually_dc,D032
usually_dc,D033
usually_dc,D034
usually_dc,D061
usually_dc,D062
usually_dc,D082
usually_dc,D105
usually_dc,D122
usually_dc,D131
usually_dc,D135
usually_dc,D141
usually_dc,D142
usually_dc,D143
usually_dc,D144
usually_dc,D151
usually_dc,D153
usually_dc,D161
usually_dc,D168
usually_dc,D171
usually_dc,D191
usually_dc,D201
usually_dc,D202
usually_dc,D203
usually_dc,D222
usually_dc,D228
usually_dc,E024
usually_dc,E026
usually_dc,E031
usually_dc,E032
usually_dc,E033
usually_dc,E034
usually_dc,E036
usually_dc,E037
usually_dc,E041
usually_dc,E042
usually_dc,E043
usually_dc,E045
usually_dc,E047
usually_dc,E048
usually_dc,E054
usually_dc,E073
usually_dc,E081
usually_dc,E082
usually_dc,E084
usually_dc,E091
usually_dc,E094
usually_dc,E095
usually_dc,E097
usually_dc,E132
usually_dc,E133
usually_dc,E134
usually_dc,E135
usually_dc,E138
usually_dc,E142
usually_dc,E148
usually_dc,E172
usually_dc,E173
usually_dc,E201
usually_dc,E204
usually_dc,E271
usually_dc,E335
usually_dc,E336
usually_dc,E341
usually_dc,E342
usually_dc,E343
usually_dc,E352
usually_dc,E357
usually_dc,E371
usually_dc,E379
usually_dc,E381
usually_dc,E491
usually_dc,E492
usually_dc,E493
usually_dc,E494
usually_dc,E495
usually_dc,E498
usually_dc,E499
usually_dc,E591
usually_dc,E593
usually_dc,E631
usually_dc,E632
usually_dc,E633
usually_dc,E639
usually_dc,E651
usually_dc,E661
usually_dc,E855
usually_dc,F021
usually_dc,F091
usually_dc,F092
usually_dc,F093
usually_dc,F094
usually_dc,F095
usually_dc,F096
usually_dc,F101
usually_dc,F102
usually_dc,F103
usually_dc,F104
usually_dc,F145
usually_dc,F181
usually_dc,F188
usually_dc,F189
usually_dc,F204
usually_dc,F231
usually_dc,F281
usually_dc,F324
usually_dc,F326
usually_dc,F341
usually_dc,F344
usually_dc,F345
usually_dc,F347
usually_dc,F348
usually_dc,F349
usually_dc,F362
usually_dc,F366
usually_dc,F382
usually_dc,F454
usually_dc,F481
usually_dc,F512
usually_dc,F551
usually_dc,G145
usually_dc,G152
usually_dc,G154
usually_dc,G156
usually_dc,G157
usually_dc,G158
usually_dc,G161
usually_dc,G162
usually_dc,G169
usually_dc,G182
usually_dc,G191
usually_dc,G199
usually_dc,G214
usually_dc,G421
usually_dc,G423
usually_dc,G431
usually_dc,G432
usually_dc,G433
usually_dc,G435
usually_dc,G436
usually_dc,G437
usually_dc,G438
usually_dc,G439
usually_dc,G441
usually_dc,G442
usually_dc,G443
usually_dc,G446
usually_dc,G447
usually_dc,G448
usually_dc,G451
usually_dc,G452
usually_dc,G453
usually_dc,G454
usually_dc,G458
usually_dc,G459
usually_dc,G462
usually_dc,G486
usually_dc,G541
usually_dc,G643
usually_dc,G648
usually_dc,G678
usually_dc,G801
usually_dc,G802
usually_dc,G803
usually_dc,G809
usually_dc,H201
usually_dc,H202
usually_dc,H204
usually_dc,H205
usually_dc,H206
usually_dc,H207
usually_dc,H208
usually_dc,H209
usually_dc,H211
usually_dc,H218
usually_dc,H221
usually_dc,H228
usually_dc,H229
usually_dc,H231
usually_dc,H232
usually_dc,H234
usually_dc,H235
usually_dc,H236
usually_dc,H237
usually_dc,H238
usually_dc,H239
usually_dc,H241
usually_dc,H242
usually_dc,H248
usually_dc,H251
usually_dc,H259
usually_dc,H261
usually_dc,H302
usually_dc,H303
usually_dc,H428
usually_dc,H443
usually_dc,H444
usually_dc,H481
usually_dc,H482
usually_dc,H483
usually_dc,H488
usually_dc,H489
usually_dc,H491
usually_dc,H492
usually_dc,H511
usually_dc,H513
usually_dc,H518
usually_dc,H523
usually_dc,H524
usually_dc,H528
usually_dc,H538
usually_dc,H541
usually_dc,H548
usually_dc,H549
usually_dc,H551
usually_dc,H552
usually_dc,H553
usually_dc,H554
usually_dc,H557
usually_dc,H558
usually_dc,H561
usually_dc,H562
usually_dc,H564
usually_dc,H568
usually_dc,H582
usually_dc,H592
usually_dc,H594
usually_dc,H598
usually_dc,H599
usually_dc,H601
usually_dc,H602
usually_dc,H603
usually_dc,H608
usually_dc,H668
usually_dc,H683
usually_dc,H691
usually_dc,H693
usually_dc,H694
usually_dc,J131
usually_dc,J132
usually_dc,J171
usually_dc,J179
usually_dc,J183
usually_dc,J381
usually_dc,J382
usually_dc,J388
usually_dc,J389
usually_dc,J398
usually_dc,J402
usually_dc,J403
usually_dc,J404
usually_dc,J405
usually_dc,J406
usually_dc,J411
usually_dc,J412
usually_dc,J413
usually_dc,J421
usually_dc,J428
usually_dc,J531
usually_dc,J539
usually_dc,J673
usually_dc,J723
usually_dc,J741
usually_dc,J748
usually_dc,J749
usually_dc,K491
usually_dc,K492
usually_dc,K518
usually_dc,K571
usually_dc,K572
usually_dc,K574
usually_dc,K582
usually_dc,K583
usually_dc,K591
usually_dc,K592
usually_dc,K597
usually_dc,K602
usually_dc,K603
usually_dc,K605
usually_dc,K606
usually_dc,K608
usually_dc,K616
usually_dc,K622
usually_dc,K623
usually_dc,K624
usually_dc,K631
usually_dc,K632
usually_dc,K633
usually_dc,K634
usually_dc,K635
usually_dc,K636
usually_dc,K638
usually_dc,K639
usually_dc,K731
usually_dc,K732
usually_dc,K733
usually_dc,K742
usually_dc,K751
usually_dc,K752
usually_dc,L264
usually_dc,L352
usually_dc,L541
usually_dc,L631
usually_dc,L634
usually_dc,L671
usually_dc,L703
usually_dc,L742
usually_dc,L743
usually_dc,L747
usually_dc,L755
usually_dc,L758
usually_dc,L791
usually_dc,L795
usually_dc,L841
usually_dc,L842
usually_dc,L843
usually_dc,L844
usually_dc,L848
usually_dc,L861
usually_dc,L862
usually_dc,L874
usually_dc,L881
usually_dc,L882
usually_dc,L883
usually_dc,L911
usually_dc,L914
usually_dc,L915
usually_dc,L923
usually_dc,L941
usually_dc,L942
usually_dc,L943
usually_dc,L947
usually_dc,L948
usually_dc,L975
usually_dc,L997
usually_dc,M113
usually_dc,M131
usually_dc,M133
usually_dc,M141
usually_dc,M151
usually_dc,M162
usually_dc,M272
usually_dc,M273
usually_dc,M283
usually_dc,M293
usually_dc,M295
usually_dc,M311
usually_dc,M323
usually_dc,M334
usually_dc,M338
usually_dc,M422
usually_dc,M432
usually_dc,M433
usually_dc,M434
usually_dc,M448
usually_dc,M451
usually_dc,M453
usually_dc,M455
usually_dc,M482
usually_dc,M563
usually_dc,M582
usually_dc,M663
usually_dc,M676
usually_dc,M678
usually_dc,M683
usually_dc,M702
usually_dc,M707
usually_dc,M731
usually_dc,M733
usually_dc,M763
usually_dc,M764
usually_dc,M768
usually_dc,M771
usually_dc,M779
usually_dc,M792
usually_dc,M793
usually_dc,M811
usually_dc,M812
usually_dc,M813
usually_dc,M814
usually_dc,M818
usually_dc,N012
usually_dc,N034
usually_dc,N038
usually_dc,N063
usually_dc,N066
usually_dc,N071
usually_dc,N082
usually_dc,N092
usually_dc,N093
usually_dc,N094
usually_dc,N099
usually_dc,N101
usually_dc,N111
usually_dc,N112
usually_dc,N113
usually_dc,N114
usually_dc,N115
usually_dc,N118
usually_dc,N132
usually_dc,N152
usually_dc,N153
usually_dc,N171
usually_dc,N191
usually_dc,N192
usually_dc,N201
usually_dc,N271
usually_dc,N284
usually_dc,N285
usually_dc,N288
usually_dc,N301
usually_dc,N302
usually_dc,N303
usually_dc,N304
usually_dc,N308
usually_dc,N321
usually_dc,N344
usually_dc,N345
usually_dc,N346
usually_dc,O172
usually_dc,O192
usually_dc,O272
usually_dc,O273
usually_dc,O274
usually_dc,O291
usually_dc,P031
usually_dc,P032
usually_dc,P033
usually_dc,P054
usually_dc,P055
usually_dc,P056
usually_dc,P061
usually_dc,P065
usually_dc,P094
usually_dc,P111
usually_dc,P132
usually_dc,P138
usually_dc,P151
usually_dc,P152
usually_dc,P154
usually_dc,P192
usually_dc,P201
usually_dc,P205
usually_dc,P291
usually_dc,P318
usually_dc,Q031
usually_dc,Q032
usually_dc,Q052
usually_dc,Q101
usually_dc,Q102
usually_dc,Q103
usually_dc,Q111
usually_dc,Q112
usually_dc,Q113
usually_dc,Q115
usually_dc,Q116
usually_dc,Q131
usually_dc,Q134
usually_dc,Q145
usually_dc,Q161
usually_dc,Q162
usually_dc,Q163
usually_dc,Q165
usually_dc,Q171
usually_dc,Q172
usually_dc,Q174
usually_dc,Q176
usually_dc,Q177
usually_dc,Q188
usually_dc,Q201
usually_dc,Q222
usually_dc,Q251
usually_dc,Q272
usually_dc,Q328
usually_dc,Q352
usually_dc,Q381
usually_dc,Q413
usually_dc,Q484
usually_dc,Q491
usually_dc,Q492
usually_dc,Q493
usually_dc,Q494
usually_dc,Q498
usually_dc,Q501
usually_dc,Q548
usually_dc,Q551
usually_dc,R062
usually_dc,R281
usually_dc,R288
usually_dc,S014
usually_dc,S015
usually_dc,S041
usually_dc,S042
usually_dc,S051
usually_dc,S053
usually_dc,S061
usually_dc,S065
usually_dc,S066
usually_dc,S067
usually_dc,S069
usually_dc,S232
usually_dc,S271
usually_dc,S275
usually_dc,S279
usually_dc,S315
usually_dc,S353
usually_dc,S359
usually_dc,S361
usually_dc,S362
usually_dc,S421
usually_dc,S442
usually_dc,S444
usually_dc,S446
usually_dc,S454
usually_dc,S456
usually_dc,S534
usually_dc,S641
usually_dc,S642
usually_dc,S643
usually_dc,S661
usually_dc,S662
usually_dc,S668
usually_dc,S681
usually_dc,S682
usually_dc,S683
usually_dc,S701
usually_dc,T058
usually_dc,T123
usually_dc,T124
usually_dc,T125
usually_dc,T141
usually_dc,T192
usually_dc,T193
usually_dc,T201
usually_dc,T202
usually_dc,T203
usually_dc,T209
usually_dc,T212
usually_dc,T213
usually_dc,T222
usually_dc,T223
usually_dc,T242
usually_dc,T243
usually_dc,T249
usually_dc,T272
usually_dc,T273
usually_dc,T293
usually_dc,T298
usually_dc,T311
usually_dc,T313
usually_dc,T317
usually_dc,T364
usually_dc,T393
usually_dc,T411
usually_dc,T421
usually_dc,T422
usually_dc,T423
usually_dc,T431
usually_dc,T438
usually_dc,T439
usually_dc,T461
usually_dc,T462
usually_dc,T483
usually_dc,T521
usually_dc,T522
usually_dc,T525
usually_dc,T526
usually_dc,T531
usually_dc,T541
usually_dc,T542
usually_dc,T548
usually_dc,T558
usually_dc,T561
usually_dc,T562
usually_dc,T591
usually_dc,T592
usually_dc,T593
usually_dc,T594
usually_dc,T598
usually_dc,T601
usually_dc,T611
usually_dc,T613
usually_dc,T621
usually_dc,T622
usually_dc,T625
usually_dc,T642
usually_dc,T645
usually_dc,T652
usually_dc,T671
usually_dc,T673
usually_dc,T674
usually_dc,T676
usually_dc,T679
usually_dc,T685
usually_dc,T686
usually_dc,T691
usually_dc,T692
usually_dc,T699
usually_dc,T701
usually_dc,T702
usually_dc,T711
usually_dc,T718
usually_dc,T721
usually_dc,T723
usually_dc,T743
usually_dc,T746
usually_dc,T774
usually_dc,T791
usually_dc,T793
usually_dc,T794
usually_dc,T798
usually_dc,T799
usually_dc,T808
usually_dc,T809
usually_dc,T811
usually_dc,T819
usually_dc,T862
usually_dc,T872
usually_dc,T875
usually_dc,T877
usually_dc,T878
usually_dc,T928
usually_dc,T962
usually_dc,T972
usually_dc,T973
occasionally_op,A111
occasionally_op,A145
occasionally_op,A701
occasionally_op,A703
occasionally_op,A847
occasionally_op,B301
occasionally_op,B302
occasionally_op,B304
occasionally_op,C104
occasionally_op,C171
occasionally_op,C191
occasionally_op,C248
occasionally_op,C278
occasionally_op,C408
occasionally_op,C511
occasionally_op,C592
occasionally_op,C652
occasionally_op,C867
occasionally_op,D028
occasionally_op,D063
occasionally_op,D124
occasionally_op,D207
occasionally_op,D231
occasionally_op,E092
occasionally_op,E093
occasionally_op,E096
occasionally_op,E101
occasionally_op,E136
occasionally_op,E241
occasionally_op,E248
occasionally_op,E258
occasionally_op,E288
occasionally_op,E291
occasionally_op,E353
occasionally_op,E427
occasionally_op,E484
occasionally_op,E598
occasionally_op,E641
occasionally_op,F022
occasionally_op,F051
occasionally_op,F053
occasionally_op,F068
occasionally_op,F111
occasionally_op,F113
occasionally_op,F115
occasionally_op,F182
occasionally_op,F202
occasionally_op,F232
occasionally_op,F241
occasionally_op,F268
occasionally_op,F321
occasionally_op,F384
occasionally_op,F422
occasionally_op,F485
occasionally_op,F562
occasionally_op,F581
occasionally_op,G153
occasionally_op,G215
occasionally_op,G336
occasionally_op,G345
occasionally_op,G445
occasionally_op,G601
occasionally_op,G608
occasionally_op,G674
occasionally_op,G758
occasionally_op,H012
occasionally_op,H243
occasionally_op,H258
occasionally_op,H353
occasionally_op,H412
occasionally_op,H418
occasionally_op,H556
occasionally_op,J101
occasionally_op,J124
occasionally_op,J141
occasionally_op,J439
occasionally_op,J449
occasionally_op,J459
occasionally_op,J486
occasionally_op,J501
occasionally_op,J505
occasionally_op,K596
occasionally_op,K601
occasionally_op,L265
occasionally_op,L351
occasionally_op,L394
occasionally_op,L543
occasionally_op,L665
occasionally_op,L711
occasionally_op,L713
occasionally_op,L721
occasionally_op,L748
occasionally_op,L754
occasionally_op,L912
occasionally_op,L918
occasionally_op,L944
occasionally_op,L946
occasionally_op,L951
occasionally_op,L978
occasionally_op,M138
occasionally_op,M164
occasionally_op,M165
occasionally_op,M198
occasionally_op,M258
occasionally_op,M275
occasionally_op,M292
occasionally_op,M301
occasionally_op,M309
occasionally_op,M359
occasionally_op,M382
occasionally_op,M423
occasionally_op,M443
occasionally_op,M452
occasionally_op,M471
occasionally_op,M493
occasionally_op,M703
occasionally_op,M705
occasionally_op,M711
occasionally_op,M791
occasionally_op,N135
occasionally_op,N242
occasionally_op,N328
occasionally_op,N358
occasionally_op,O019
occasionally_op,P034
occasionally_op,P058
occasionally_op,P063
occasionally_op,P072
occasionally_op,P092
occasionally_op,P202
occasionally_op,P294
occasionally_op,Q018
occasionally_op,Q135
occasionally_op,Q137
occasionally_op,Q208
occasionally_op,Q511
occasionally_op,Q544
occasionally_op,S052
occasionally_op,S055
occasionally_op,S158
occasionally_op,S273
occasionally_op,S422
occasionally_op,S423
occasionally_op,S424
occasionally_op,S441
occasionally_op,S455
occasionally_op,S472
occasionally_op,S476
occasionally_op,S604
occasionally_op,S622
occasionally_op,S627
occasionally_op,S628
occasionally_op,S689
occasionally_op,T013
occasionally_op,T122
occasionally_op,T128
occasionally_op,T315
occasionally_op,T318
occasionally_op,T468
occasionally_op,T549
occasionally_op,T578
occasionally_op,T628
occasionally_op,T728
occasionally_op,T813
occasionally_op,T873
occasionally_op,T882
occasionally_dc,A145
occasionally_dc,A203
occasionally_dc,A331
occasionally_dc,A523
occasionally_dc,A535
occasionally_dc,A538
occasionally_dc,A543
occasionally_dc,A572
occasionally_dc,A621
occasionally_dc,A701
occasionally_dc,A703
occasionally_dc,A736
occasionally_dc,A847
occasionally_dc,B085
occasionally_dc,B101
occasionally_dc,B121
occasionally_dc,B142
occasionally_dc,B144
occasionally_dc,B145
occasionally_dc,B149
occasionally_dc,B274
occasionally_dc,B275
occasionally_dc,B278
occasionally_dc,B279
occasionally_dc,B281
occasionally_dc,B295
occasionally_dc,B298
occasionally_dc,B301
occasionally_dc,B302
occasionally_dc,B304
occasionally_dc,B311
occasionally_dc,B312
occasionally_dc,B313
occasionally_dc,B318
occasionally_dc,B332
occasionally_dc,B374
occasionally_dc,C013
occasionally_dc,C051
occasionally_dc,C104
occasionally_dc,C171
occasionally_dc,C191
occasionally_dc,C248
occasionally_dc,C278
occasionally_dc,C408
occasionally_dc,C465
occasionally_dc,C511
occasionally_dc,C592
occasionally_dc,C652
occasionally_dc,C743
occasionally_dc,C848
occasionally_dc,C867
occasionally_dc,D028
occasionally_dc,D031
occasionally_dc,D063
occasionally_dc,D101
occasionally_dc,D102
occasionally_dc,D103
occasionally_dc,D104
occasionally_dc,D106
occasionally_dc,D121
occasionally_dc,D124
occasionally_dc,D127
occasionally_dc,D162
occasionally_dc,D207
occasionally_dc,D231
occasionally_dc,D241
occasionally_dc,D242
occasionally_dc,E022
occasionally_dc,E027
occasionally_dc,E052
occasionally_dc,E092
occasionally_dc,E093
occasionally_dc,E096
occasionally_dc,E101
occasionally_dc,E136
occasionally_dc,E147
occasionally_dc,E154
occasionally_dc,E162
occasionally_dc,E231
occasionally_dc,E241
occasionally_dc,E242
occasionally_dc,E243
occasionally_dc,E248
occasionally_dc,E258
occasionally_dc,E275
occasionally_dc,E281
occasionally_dc,E288
occasionally_dc,E348
occasionally_dc,E353
occasionally_dc,E358
occasionally_dc,E483
occasionally_dc,E484
occasionally_dc,E488
occasionally_dc,E503
occasionally_dc,E508
occasionally_dc,E511
occasionally_dc,E519
occasionally_dc,E641
occasionally_dc,F022
occasionally_dc,F051
occasionally_dc,F053
occasionally_dc,F068
occasionally_dc,F111
occasionally_dc,F112
occasionally_dc,F113
occasionally_dc,F115
occasionally_dc,F182
occasionally_dc,F202
occasionally_dc,F232
occasionally_dc,F241
occasionally_dc,F268
occasionally_dc,F305
occasionally_dc,F321
occasionally_dc,F328
occasionally_dc,F384
occasionally_dc,F422
occasionally_dc,F444
occasionally_dc,F445
occasionally_dc,F451
occasionally_dc,F452
occasionally_dc,F485
occasionally_dc,F562
occasionally_dc,F581
occasionally_dc,G153
occasionally_dc,G163
occasionally_dc,G183
occasionally_dc,G215
occasionally_dc,G234
occasionally_dc,G243
occasionally_dc,G303
occasionally_dc,G336
occasionally_dc,G344
occasionally_dc,G345
occasionally_dc,G387
occasionally_dc,G434
occasionally_dc,G445
occasionally_dc,G485
occasionally_dc,G601
occasionally_dc,G603
occasionally_dc,G608
occasionally_dc,G674
occasionally_dc,G758
occasionally_dc,H012
occasionally_dc,H021
occasionally_dc,H022
occasionally_dc,H029
occasionally_dc,H122
occasionally_dc,H243
occasionally_dc,H244
occasionally_dc,H258
occasionally_dc,H341
occasionally_dc,H358
occasionally_dc,H402
occasionally_dc,H412
occasionally_dc,H418
occasionally_dc,H425
occasionally_dc,H426
occasionally_dc,H556
occasionally_dc,H581
occasionally_dc,J091
occasionally_dc,J121
occasionally_dc,J141
occasionally_dc,J181
occasionally_dc,J182
occasionally_dc,J185
occasionally_dc,J189
occasionally_dc,J439
occasionally_dc,J449
occasionally_dc,J459
occasionally_dc,J501
occasionally_dc,J614
occasionally_dc,K165
occasionally_dc,K575
occasionally_dc,K576
occasionally_dc,K586
occasionally_dc,K593
occasionally_dc,K596
occasionally_dc,K601
occasionally_dc,K604
occasionally_dc,K607
occasionally_dc,K621
occasionally_dc,K625
occasionally_dc,K651
occasionally_dc,K652
occasionally_dc,K721
occasionally_dc,K723
occasionally_dc,L031
occasionally_dc,L133
occasionally_dc,L312
occasionally_dc,L394
occasionally_dc,L431
occasionally_dc,L433
occasionally_dc,L434
occasionally_dc,L435
occasionally_dc,L474
occasionally_dc,L543
occasionally_dc,L544
occasionally_dc,L635
occasionally_dc,L665
occasionally_dc,L711
occasionally_dc,L713
occasionally_dc,L714
occasionally_dc,L721
occasionally_dc,L741
occasionally_dc,L745
occasionally_dc,L746
occasionally_dc,L748
occasionally_dc,L751
occasionally_dc,L752
occasionally_dc,L754
occasionally_dc,L912
occasionally_dc,L918
occasionally_dc,L944
occasionally_dc,L945
occasionally_dc,L946
occasionally_dc,L951
occasionally_dc,L978
occasionally_dc,M091
occasionally_dc,M092
occasionally_dc,M093
occasionally_dc,M094
occasionally_dc,M101
occasionally_dc,M108
occasionally_dc,M111
occasionally_dc,M132
occasionally_dc,M136
occasionally_dc,M137
occasionally_dc,M138
occasionally_dc,M165
occasionally_dc,M193
occasionally_dc,M198
occasionally_dc,M253
occasionally_dc,M258
occasionally_dc,M271
occasionally_dc,M274
occasionally_dc,M275
occasionally_dc,M277
occasionally_dc,M278
occasionally_dc,M281
occasionally_dc,M291
occasionally_dc,M292
occasionally_dc,M294
occasionally_dc,M301
occasionally_dc,M305
occasionally_dc,M306
occasionally_dc,M309
occasionally_dc,M332
occasionally_dc,M335
occasionally_dc,M382
occasionally_dc,M421
occasionally_dc,M423
occasionally_dc,M441
occasionally_dc,M442
occasionally_dc,M443
occasionally_dc,M452
occasionally_dc,M454
occasionally_dc,M471
occasionally_dc,M493
occasionally_dc,M534
occasionally_dc,M535
occasionally_dc,M651
occasionally_dc,M654
occasionally_dc,M655
occasionally_dc,M662
occasionally_dc,M668
occasionally_dc,M672
occasionally_dc,M703
occasionally_dc,M705
occasionally_dc,M706
occasionally_dc,M711
occasionally_dc,M723
occasionally_dc,M736
occasionally_dc,M761
occasionally_dc,M765
occasionally_dc,M791
occasionally_dc,M794
occasionally_dc,M851
occasionally_dc,M868
occasionally_dc,N032
occasionally_dc,N135
occasionally_dc,N242
occasionally_dc,N283
occasionally_dc,N328
occasionally_dc,O251
occasionally_dc,O261
occasionally_dc,O271
occasionally_dc,P034
occasionally_dc,P052
occasionally_dc,P058
occasionally_dc,P063
occasionally_dc,P072
occasionally_dc,P092
occasionally_dc,P181
occasionally_dc,P202
occasionally_dc,P232
occasionally_dc,P233
occasionally_dc,P234
occasionally_dc,P255
occasionally_dc,P294
occasionally_dc,Q018
occasionally_dc,Q051
occasionally_dc,Q093
occasionally_dc,Q135
occasionally_dc,Q137
occasionally_dc,Q151
occasionally_dc,Q208
occasionally_dc,Q221
occasionally_dc,Q223
occasionally_dc,Q231
occasionally_dc,Q232
occasionally_dc,Q233
occasionally_dc,Q234
occasionally_dc,Q235
occasionally_dc,Q432
occasionally_dc,Q474
occasionally_dc,Q511
occasionally_dc,Q521
occasionally_dc,R121
occasionally_dc,S052
occasionally_dc,S055
occasionally_dc,S158
occasionally_dc,S273
occasionally_dc,S352
occasionally_dc,S358
occasionally_dc,S422
occasionally_dc,S423
occasionally_dc,S424
occasionally_dc,S441
occasionally_dc,S455
occasionally_dc,S472
occasionally_dc,S476
occasionally_dc,S493
occasionally_dc,S604
occasionally_dc,S622
occasionally_dc,S627
occasionally_dc,S628
occasionally_dc,S689
occasionally_dc,T013
occasionally_dc,T021
occasionally_dc,T024
occasionally_dc,T111
occasionally_dc,T121
occasionally_dc,T122
occasionally_dc,T128
occasionally_dc,T191
occasionally_dc,T252
occasionally_dc,T253
occasionally_dc,T262
occasionally_dc,T263
occasionally_dc,T309
occasionally_dc,T315
occasionally_dc,T318
occasionally_dc,T331
occasionally_dc,T361
occasionally_dc,T368
occasionally_dc,T373
occasionally_dc,T413
occasionally_dc,T415
occasionally_dc,T453
occasionally_dc,T454
occasionally_dc,T463
occasionally_dc,T468
occasionally_dc,T549
occasionally_dc,T554
occasionally_dc,T578
occasionally_dc,T628
occasionally_dc,T641
occasionally_dc,T644
occasionally_dc,T658
occasionally_dc,T675
occasionally_dc,T678
occasionally_dc,T705
occasionally_dc,T728
occasionally_dc,T773
occasionally_dc,T812
occasionally_dc,T813
occasionally_dc,T852
occasionally_dc,T873
occasionally_dc,T874
occasionally_dc,T882
occasionally_dc,T941
occasionally_dc,T982
